depId,depName,aisleNum
1,Gualterio,57
2,Shaun,56
3,Reiko,35
4,Cosme,70
5,Freddy,45
6,Ortensia,64
7,Mead,7
8,Rici,99
9,Reagen,43
10,Meggy,24
11,Wildon,13
12,Lyle,14
13,Lydie,89
14,Hatty,82
15,Shari,51
16,Delcine,83
17,Harriott,90
18,Leyla,62
19,Barnie,25
20,Aryn,83
21,Honor,58
22,Arlyne,66
23,Annmaria,75
24,Nicole,18
25,Dreddy,73
26,Corina,31
27,Leroy,83
28,Meryl,67
29,Alyss,10
30,Tanhya,80
31,Say,71
32,Marlo,53
33,Adrian,26
34,Caz,6
35,Nadean,41
36,Jackie,46
37,Cecily,20
38,Ricoriki,80
39,Bucky,9
40,Robin,7
41,Lew,9
42,Rozina,5
43,Flor,1
44,Cesare,29
45,Skyler,9
46,Leslie,45
47,Pebrook,38
48,Vinny,37
49,Tab,21
50,Effie,17
51,Tod,98
52,Stacia,85
53,Sela,12
54,Flynn,47
55,Husain,6
56,Aloysia,51
57,Maurita,35
58,Alexei,69
59,Mae,81
60,Helaina,51
61,Alicia,80
62,James,1
63,Jakob,31
64,Olenka,59
65,Merrill,19
66,Belle,89
67,Gonzalo,70
68,Fifi,28
69,Remus,81
70,Ulrika,18
71,Olive,52
72,Corny,27
73,Kendricks,47
74,Irwin,44
75,Annabelle,93
76,Welch,75
77,Flo,92
78,Bibby,99
79,Lowrance,57
80,Zulema,10
81,Margi,79
82,Donovan,89
83,Roman,31
84,Gregoor,100
85,Gael,99
86,Anneliese,5
87,Lois,40
88,Hillyer,23
89,Rurik,2
90,Callean,51
91,Mildrid,54
92,Lynette,30
93,Carina,24
94,Leontine,11
95,Leighton,15
96,Heddie,32
97,Ninon,48
98,Kaela,19
99,Gwenette,22
100,Ricardo,99
101,Lancelot,6
102,Gordon,28
103,Sylas,23
104,Arlee,53
105,Hanny,10
106,Leese,87
107,Ernesto,79
108,Shane,25
109,Brodie,59
110,Jorrie,44
111,Dorthy,54
112,Rourke,62
113,Bev,53
114,Fredric,66
115,Teddy,76
116,Onfre,54
117,Johanna,88
118,Milena,91
119,Gretchen,59
120,Eachelle,2
121,Valene,54
122,Berget,68
123,Adorne,36
124,Ashley,57
125,Richy,8
126,Peterus,90
127,Tillie,50
128,Eadith,71
129,Dov,49
130,Evelina,16
131,Chaddie,23
132,Franklyn,91
133,Tymothy,37
134,Kati,69
135,Morgen,81
136,Steffane,4
137,Germaine,83
138,Retha,53
139,Sophronia,3
140,Ammamaria,35
141,Tuesday,90
142,Demott,96
143,Gilberta,48
144,Dukey,17
145,Tobit,19
146,Lanny,68
147,Rosa,65
148,Enrichetta,90
149,Rebeka,54
150,Dorise,31
151,Fransisco,89
152,Sashenka,51
153,North,14
154,Josi,27
155,Ragnar,49
156,Des,63
157,Corney,9
158,Lorry,50
159,Maritsa,24
160,Helaine,25
161,Forbes,58
162,Patsy,15
163,Howard,61
164,Darell,54
165,Emeline,92
166,Stephen,60
167,Chet,7
168,Brannon,66
169,Cheryl,62
170,Everard,3
171,Modestia,50
172,Eb,29
173,Rozina,17
174,Darill,79
175,Cheri,15
176,Binny,92
177,Jackelyn,13
178,Ash,68
179,Gran,42
180,Ulrica,5
181,Monte,4
182,Charlean,37
183,Alejandro,92
184,Mitch,9
185,Clifford,79
186,Loutitia,90
187,Cherilynn,69
188,Xenia,35
189,Gordy,94
190,Onfre,55
191,Denney,38
192,Wilhelmine,75
193,Faythe,100
194,Arabelle,40
195,Artemas,36
196,Olly,37
197,Sadye,56
198,Joly,3
199,Franciskus,18
200,Bessie,18
201,Gaylene,6
202,Phebe,22
203,Anthea,44
204,Skippie,54
205,Rutherford,90
206,Alis,39
207,Minta,94
208,Estelle,53
209,Harri,26
210,Kelly,30
211,Johnathan,63
212,Michal,15
213,Dehlia,78
214,Nefen,45
215,Penni,80
216,Trenton,37
217,Gwen,8
218,Titos,44
219,Mikey,52
220,Grantley,8
221,Gayla,99
222,Briano,12
223,Cloe,54
224,Editha,9
225,Barbi,1
226,Marylou,74
227,Anna-maria,58
228,Lorrin,51
229,Lukas,85
230,Sylvester,14
231,Eran,30
232,Ralph,20
233,Nariko,85
234,Cal,27
235,Valentine,18
236,Lissa,77
237,Tabby,82
238,Vivi,92
239,Mic,37
240,Scarface,11
241,Sandro,39
242,Sonya,21
243,Blakelee,51
244,Ianthe,46
245,Leon,9
246,Augustin,18
247,Coriss,28
248,Janette,77
249,Ezekiel,76
250,Yoshiko,16
251,Emmaline,56
252,Zonnya,18
253,Tucker,29
254,Conrade,38
255,Hobie,14
256,Maggie,28
257,Riley,28
258,Kiri,85
259,Davide,95
260,Ogdan,62
261,Nathalia,86
262,Maurita,77
263,Cristin,25
264,Patsy,4
265,Tressa,19
266,Dayle,46
267,Jeth,15
268,Romy,23
269,Collen,90
270,Darice,100
271,Antonia,43
272,Roi,34
273,Joshia,100
274,Niki,2
275,Andie,25
276,Winnie,30
277,Olympe,16
278,Jimmie,16
279,Clemens,37
280,Kelcie,66
281,Alair,28
282,Bettina,89
283,Isaak,82
284,Eustace,20
285,Osbourn,37
286,Dalis,70
287,Joellyn,59
288,Juliann,57
289,Free,40
290,Gigi,26
291,Prudy,37
292,Powell,65
293,Xever,13
294,Bobbie,75
295,Manya,67
296,Udell,14
297,Gertie,96
298,Wendye,75
299,Rosette,96
300,Cly,81
301,Jammal,60
302,Estele,46
303,Ellette,47
304,Mabel,30
305,Laurice,100
306,Ody,11
307,Nydia,84
308,Janos,6
309,Rikki,100
310,Almeda,53
311,Marta,57
312,Kaela,8
313,Lesly,46
314,Yolane,84
315,Renelle,65
316,Ramonda,89
317,Sinclair,20
318,Meriel,60
319,Maggie,61
320,Dre,39
321,Hastings,16
322,Dav,69
323,Bethany,80
324,Fanya,86
325,Ichabod,75
326,Maryann,12
327,Engelbert,90
328,Zia,36
329,Licha,27
330,Isabeau,18
331,Granny,60
332,Humphrey,15
333,Parnell,36
334,Mac,88
335,Obediah,56
336,Freemon,53
337,Welch,7
338,Davina,55
339,Brandise,10
340,Lynette,72
341,Jamaal,37
342,Wenona,67
343,Danielle,93
344,Julia,9
345,Evaleen,32
346,Grethel,92
347,Yorgos,26
348,Aldwin,12
349,Vanya,49
350,Hugo,6
351,Modestia,65
352,Marlee,5
353,Aldo,70
354,Carena,51
355,Solomon,100
356,Israel,89
357,Dorise,35
358,Billie,43
359,Ced,17
360,Othilie,21
361,Bert,15
362,Diannne,94
363,Birgitta,6
364,Erskine,64
365,Lucky,92
366,Lisette,68
367,Ernaline,26
368,Nigel,40
369,Jannelle,79
370,Marillin,46
371,Brandon,73
372,Krystalle,65
373,Nyssa,80
374,Trixy,34
375,Ahmed,51
376,Silvan,42
377,Polly,3
378,Lilia,98
379,Lonna,81
380,Nan,20
381,Rosemarie,52
382,Twyla,58
383,Dolley,5
384,Suki,98
385,Carlita,61
386,Royal,84
387,Stephine,72
388,Meghann,19
389,Thaddeus,92
390,Anya,7
391,Brocky,26
392,Alastair,1
393,Bonnibelle,60
394,Keslie,84
395,Venus,61
396,Sari,8
397,Ange,90
398,Beitris,10
399,Tish,51
400,Stacee,71
401,Gladi,98
402,Wini,47
403,Barnabas,34
404,Jake,24
405,Connie,46
406,Josi,65
407,Flo,22
408,Krispin,66
409,Antin,38
410,Elenore,56
411,Fidole,44
412,Arlette,83
413,Jonie,69
414,Olenka,16
415,Kincaid,59
416,Marjy,85
417,Earle,63
418,Ashil,82
419,Nana,11
420,Alisun,83
421,Kirby,73
422,Randee,88
423,Amby,31
424,Daniela,35
425,Stefano,84
426,Pauly,74
427,Ambros,91
428,Guntar,80
429,Sol,45
430,Raddie,39
431,Kile,52
432,Cara,22
433,Aigneis,14
434,Katharyn,95
435,Gleda,98
436,Luther,62
437,Renata,18
438,Drusi,33
439,Dominic,7
440,Corella,21
441,Arther,52
442,Gina,37
443,Sherill,12
444,Alisa,2
445,Kelcey,56
446,Rex,84
447,Gustie,43
448,Meyer,95
449,Griffie,30
450,Burg,57
451,Rutter,37
452,Robenia,62
453,Alphard,16
454,Joyce,94
455,Isabel,21
456,Burty,48
457,Diana,99
458,Malina,90
459,Yetta,68
460,Dean,82
461,Selestina,63
462,Car,24
463,Earlie,27
464,Neron,83
465,Clyve,58
466,Oralie,25
467,Sasha,69
468,Martin,55
469,Georgianna,74
470,Ginger,69
471,Tabor,40
472,Roz,93
473,Clarita,72
474,Mathew,64
475,Skippy,73
476,Justen,64
477,Kimberli,19
478,Cindie,35
479,Danni,67
480,Christal,5
481,Adelaide,81
482,Madelle,34
483,Rosaline,88
484,Bonni,89
485,Rosene,24
486,Chalmers,9
487,Aylmar,59
488,Lizabeth,42
489,Michail,36
490,Shellie,37
491,Gavra,15
492,Tine,67
493,Bertrand,13
494,Kittie,7
495,Caleb,59
496,Aldrich,70
497,Gratia,53
498,Jacquelin,88
499,Lenard,50
500,Reinwald,21
501,Kass,30
502,Moore,5
503,Penni,44
504,Kristyn,85
505,Gearalt,81
506,Edyth,45
507,Lavinia,41
508,Reggis,63
509,Benetta,36
510,Nathaniel,19
511,Vlad,82
512,Florian,89
513,Brnaba,48
514,Rodger,18
515,Wilfrid,99
516,Marie-ann,12
517,Marillin,63
518,Leroi,74
519,Bradan,72
520,Mandie,32
521,Burt,77
522,Timothea,68
523,Donetta,5
524,Marcus,67
525,Leonhard,52
526,Jereme,41
527,Barnett,75
528,Roderick,73
529,Filide,26
530,Travers,97
531,Jaynell,75
532,Mohammed,5
533,Aprilette,62
534,Anett,36
535,Shane,32
536,Cyrillus,15
537,Merrick,36
538,Sax,28
539,Colas,69
540,Sigfried,18
541,Sanson,85
542,Lani,48
543,Constantino,47
544,Whitman,65
545,Trevor,28
546,Ruggiero,73
547,Selina,37
548,Adolphe,60
549,Stanislaus,71
550,Darn,46
551,Kelci,6
552,Gawen,1
553,Brody,77
554,Gusella,87
555,Gretel,4
556,Doti,41
557,Leda,53
558,Mariann,31
559,Gaby,43
560,Kerri,34
561,Kylie,4
562,Cordy,92
563,Cirillo,77
564,Obadias,16
565,Marysa,28
566,Granville,51
567,Ofilia,31
568,Cleopatra,66
569,Hesther,17
570,Terrel,86
571,Corina,51
572,Kimmy,2
573,Glen,84
574,Janella,34
575,Carney,98
576,Hermina,54
577,Wakefield,2
578,Hamid,57
579,Trudy,35
580,Chere,78
581,Melisandra,46
582,Wynn,2
583,Fredi,96
584,Christean,44
585,Meredithe,18
586,Anny,92
587,Holmes,62
588,Nissy,48
589,Fancie,51
590,Nettle,29
591,Nisse,76
592,Janka,27
593,Kristen,50
594,Danyette,39
595,Trever,45
596,Binny,32
597,Nil,47
598,Dolf,48
599,Ad,2
600,Shaughn,87
601,Halimeda,83
602,Jaquith,47
603,Stacee,38
604,Christoph,55
605,Opaline,35
606,Bernelle,55
607,Gabe,29
608,Vlad,87
609,Dianemarie,3
610,Wenona,98
611,Lotti,94
612,Annelise,77
613,Quillan,96
614,Steffen,58
615,Natalya,5
616,Rusty,91
617,Krishna,34
618,Geri,69
619,Lindie,49
620,Shirlene,83
621,Lissie,98
622,Emelyne,69
623,Devi,1
624,Caralie,82
625,Niall,78
626,Ariana,63
627,Eve,37
628,Jaquith,11
629,Kiri,45
630,Igor,14
631,Douglas,39
632,Rina,15
633,Malissia,69
634,Erwin,77
635,Matthew,90
636,Milton,21
637,Sherry,31
638,Rosie,17
639,Hilda,35
640,Marcellina,67
641,Tobias,52
642,Cooper,17
643,Tyne,26
644,Adelle,98
645,Adela,11
646,Guinna,80
647,Laurella,35
648,Gnni,87
649,Andee,59
650,Isidore,95
651,Johny,42
652,Jason,86
653,Benedetto,23
654,Wynne,5
655,Harriett,97
656,Dilly,97
657,Pattie,35
658,Gaven,39
659,Linnea,51
660,Bryan,54
661,Janenna,93
662,Ariana,6
663,Alexina,51
664,Hanson,90
665,Malcolm,8
666,Leena,98
667,Roth,27
668,Andrus,85
669,Madelyn,93
670,Smitty,99
671,Broderic,38
672,Collette,6
673,Torrie,8
674,Evyn,66
675,Wallis,62
676,Fransisco,77
677,Maurice,83
678,Roselin,50
679,Joaquin,5
680,Kendell,75
681,Drusi,9
682,Brion,94
683,Tersina,94
684,Jamison,44
685,Cosimo,35
686,Dedie,97
687,Ara,14
688,Scottie,61
689,Kerrill,99
690,Pat,30
691,Skippie,36
692,Glori,59
693,Englebert,74
694,Selina,24
695,Carolyne,44
696,Cosimo,70
697,Abagael,55
698,Jaclin,98
699,Delmore,19
700,Blair,61
701,Augustine,57
702,Selena,56
703,Carney,16
704,Ricardo,44
705,Cristi,60
706,Sadye,51
707,Carolann,63
708,Sigismund,53
709,Fergus,66
710,Pancho,21
711,Clovis,70
712,Sherill,1
713,Morie,58
714,Todd,90
715,Mareah,77
716,Bebe,2
717,Dasha,9
718,Di,53
719,Kalinda,97
720,Rosalyn,42
721,Thoma,10
722,Abra,36
723,Phaidra,11
724,Susi,52
725,Bartram,15
726,Boothe,27
727,Thebault,71
728,Tobye,39
729,Angie,19
730,Dalton,44
731,Mame,59
732,Steffen,83
733,Nariko,77
734,Kissee,79
735,Kerwinn,6
736,Diann,92
737,Brenden,17
738,Hollyanne,52
739,Jeanna,5
740,Wye,31
741,Druci,26
742,Gris,77
743,Renado,33
744,Nestor,46
745,Trudie,18
746,Osbourn,33
747,Valeda,37
748,Di,88
749,Brooke,19
750,Randy,33
751,Nalani,99
752,Maximilien,43
753,Cece,62
754,Augy,13
755,Chastity,59
756,Kelli,41
757,Andrej,30
758,Korella,55
759,Brnaba,87
760,Anabal,13
761,Marcile,40
762,Tailor,20
763,Mariya,28
764,Ferris,7
765,Garvy,36
766,Leeland,64
767,Tobin,2
768,Ase,94
769,Tabatha,100
770,Garret,77
771,Aymer,74
772,Babs,12
773,Jo,7
774,Colby,33
775,Tabitha,93
776,Oralla,59
777,Odele,32
778,Lou,58
779,Nixie,11
780,Kippie,16
781,Terrence,81
782,Minetta,70
783,Melinde,28
784,Domingo,79
785,Delmer,65
786,Burg,34
787,Ferguson,78
788,Fraze,29
789,Suzette,56
790,Colver,57
791,Janeczka,92
792,Cory,57
793,Domini,87
794,Burl,8
795,Nicol,72
796,Nat,22
797,Charlton,20
798,Adrien,16
799,Bertine,11
800,Brunhilda,28
801,Alexandrina,52
802,Estele,83
803,Derick,81
804,Tuesday,46
805,Clem,24
806,Evelin,22
807,Robyn,68
808,Delcina,46
809,Maximilianus,90
810,Dewey,67
811,Sharyl,38
812,Phillis,40
813,Brady,55
814,Eleen,44
815,Melva,10
816,Ingemar,60
817,Jinny,43
818,Elnora,82
819,Erhard,62
820,Sherrie,51
821,Cyrus,31
822,Clim,1
823,Kordula,13
824,Danya,16
825,Jerry,46
826,Boothe,65
827,Creighton,72
828,Catriona,8
829,Conny,14
830,Heda,34
831,David,53
832,Mira,52
833,Kordula,17
834,Monti,23
835,Barrie,100
836,Nollie,88
837,Orin,64
838,Marigold,99
839,Brand,8
840,Augusta,68
841,Howie,30
842,Natividad,74
843,Rosalinde,9
844,Toddie,83
845,Tadeas,28
846,Nance,88
847,Ruprecht,85
848,Boony,78
849,Devin,79
850,Perl,54
851,Raina,100
852,Tully,77
853,Adore,53
854,Ollie,64
855,Major,98
856,Jozef,12
857,Alberik,64
858,Wallace,45
859,Opaline,17
860,Linnie,87
861,Cathlene,55
862,Leroy,73
863,Pooh,40
864,Bethena,14
865,Estevan,73
866,Nevsa,47
867,Haskel,57
868,Lacie,91
869,Nathanael,68
870,Dev,49
871,Karrie,18
872,Natividad,75
873,Rick,59
874,Allene,72
875,Mandie,56
876,Scarlett,5
877,Mozes,21
878,Louie,89
879,Ramsay,7
880,Aron,53
881,Bartholomeo,48
882,Jorie,41
883,Silvan,73
884,Jilli,99
885,Claudius,30
886,Lesya,45
887,Marnie,34
888,Stanley,22
889,Edgar,59
890,Steffie,73
891,Elene,3
892,Sinclare,49
893,Timmie,47
894,Ashil,55
895,Zacharia,60
896,Russ,26
897,Xerxes,49
898,Dirk,47
899,Hermia,60
900,Siana,96
901,Roch,40
902,Kirsteni,13
903,Ham,87
904,Hinda,12
905,Ingaborg,95
906,Carmelia,18
907,Tannie,17
908,Wallie,47
909,Aldric,29
910,Clywd,62
911,Ludovika,69
912,Irvine,72
913,Arlee,36
914,Misti,87
915,Kimmi,99
916,Ninon,28
917,Astrid,14
918,Karin,38
919,Didi,86
920,Aveline,86
921,Zedekiah,61
922,Averyl,43
923,Ramonda,47
924,Baudoin,85
925,Lory,75
926,Emyle,4
927,Thaddeus,24
928,Joellen,8
929,Maggee,3
930,Kara-lynn,28
931,Brett,30
932,Ado,65
933,Aggi,83
934,Floyd,44
935,Pammi,38
936,Johnnie,17
937,Tawsha,92
938,Sonnie,36
939,Adriana,50
940,Gonzalo,100
941,Marigold,52
942,Odell,93
943,Sheffield,23
944,Tabina,100
945,Ginnifer,91
946,Grata,45
947,Anjela,41
948,Eda,26
949,Biron,59
950,Loralyn,25
951,Celisse,51
952,Davide,15
953,Odell,92
954,Ariadne,17
955,Mead,91
956,Caz,93
957,Luigi,70
958,Stacie,71
959,Filide,93
960,Oralie,97
961,Fredi,45
962,Clare,40
963,Netta,9
964,Dallis,53
965,Sid,26
966,Clair,51
967,Jonah,9
968,Stanley,87
969,Mureil,85
970,Valdemar,93
971,Maryjane,50
972,Abbye,18
973,Lizbeth,67
974,Pietrek,63
975,Lauren,12
976,Karisa,67
977,Arlana,53
978,Jeddy,27
979,Guillaume,81
980,Shaw,15
981,Natalina,83
982,Evangeline,81
983,Adrianna,96
984,Claudio,86
985,Elle,41
986,Robbie,88
987,Mada,75
988,Bryan,39
989,Mady,45
990,Bowie,71
991,Katherine,95
992,Gertie,25
993,Ginevra,31
994,Beverley,50
995,Zulema,51
996,Duffie,25
997,Marlow,72
998,Henrietta,55
999,Cayla,6
1000,Cullen,50
